loss,val_loss
0.0943600982427597,0.04675982892513275
0.06463392078876495,0.038235049694776535
0.0642017275094986,0.03454166650772095
0.06401407718658447,0.03337015584111214
0.06392213702201843,0.03306809067726135
